Adelanto,34.582769,-117.409214,33166,C
Agoura Hills,34.153339,-118.761675,20915,C
Alameda,37.765206,-122.241636,78630,C
Albany,37.886869,-122.297747,19735,C
Alhambra,34.095286,-118.127014,85551,C
Aliso Viejo,33.575,-117.725556,50195,C
Alturas,41.487114,-120.542456,2594,B
Amador City,38.419356,-120.824103,189,C
American Canyon,38.174917,-122.260803,20554,C
Anaheim,33.835292,-117.914503,350742,B
Anderson,40.448208,-122.297783,10217,C
Angels Camp,38.067783,-120.538531,2677,C
Antioch,38.004922,-121.805789,110542,C
Arcadia,34.139728,-118.035344,58408,C
Arcata,40.866517,-124.082839,17843,C
Arroyo Grande,35.118586,-120.590725,18108,C
Artesia,33.865847,-118.083122,16961,C
Arvin,35.2018,-118.833106,20876,C
Atascadero,35.489417,-120.670725,29819,C
Atwater,37.347717,-120.609083,29237,C
Auburn,38.896564,-121.076889,13953,C
Avalon,33.342819,-118.328228,3799,C
Avenal,36.004122,-120.129028,13301,C
Azusa,34.133619,-117.907564,49690,C
Bakersfield,35.373292,-119.018711,373640,B
Baldwin Park,34.085286,-117.960897,77071,C
Banning,33.925572,-116.876411,30945,C
Barstow,34.895797,-117.017283,23692,B
Beatty,36.9093,-116.7545,10000,B
Beaumont,33.929461,-116.977247,43811,C
Bell Gardens,33.965292,-118.151458,43106,C
Bell,33.977514,-118.187017,36205,C
Bellflower,33.881683,-118.117011,78441,C
Belmont,37.520214,-122.2758,27218,C
Belvedere,37.872703,-122.464417,2121,C
Berkeley,37.871592,-122.272747,120972,B
Beverly Hills,34.073619,-118.400356,34869,C
Big Bear Lake,34.243897,-116.911422,5213,C
Biggs,39.412389,-121.71275,1704,C
Bishop,37.363539,-118.395111,3806,B
Blue Lake,40.882908,-123.98395,1252,C
Blythe,33.617233,-114.589175,19208,B
Bradbury,34.14695,-117.970897,1089,C
Brawley,32.978658,-115.530267,25897,C
Brea,33.916681,-117.900061,41944,C
Brentwood,34.057361,-118.480511,-1,C
Brisbane,37.680767,-122.399972,4717,C
Buellton,34.613597,-120.19265,5082,C
Buena Park,33.867514,-117.998117,83270,C
Burbank,34.180839,-118.308967,105319,B
Burlingame,37.584103,-122.366083,30459,C
Calabasas,34.138333,-118.660833,23058,C
Calexico,32.678947,-115.498883,40053,C
California City,35.1258,-117.985903,13277,C
Calimesa,34.003903,-117.061975,8542,C
Calipatria,33.125597,-115.514153,7424,C
Calistoga,38.578797,-122.579706,5330,C
Camarillo,34.216394,-119.037603,67608,C
Campbell,37.287164,-121.949958,41117,C
Canyon Lake,33.685022,-117.273092,11080,C
Capitola,36.975228,-121.953292,10189,C
Carlsbad,33.158092,-117.350594,113453,C
Carmel-by-the-Sea,36.555239,-121.923289,3897,C
Carpinteria,34.398883,-119.518456,13727,C
Carson City,39.1678,-119.766,40000,B
Carson,33.831406,-118.282017,93281,C
Cathedral City,33.779742,-116.465292,53826,C
Ceres,37.594933,-120.957711,47963,C
Cerritos,33.858347,-118.064786,49975,C
Chico,39.728494,-121.837478,90316,B
Chino Hills,33.989819,-117.732586,78309,C
Chino,34.012236,-117.688944,85595,C
Chowchilla,37.123,-120.260175,18510,C
Chula Vista,32.640053,-117.084197,265757,B
Citrus Heights,38.707125,-121.281061,87056,C
City,Latitude,Longitude,Population,Category
Claremont,34.096675,-117.719778,36283,C
Clayton,37.941033,-121.935792,11867,C
Clearlake,38.958231,-122.626372,15182,C
Cloverdale,38.805461,-123.017222,8811,C
Clovis,36.825228,-119.702919,104180,C
Coachella,33.6803,-116.173894,44635,C
Coalinga,36.139678,-120.36015,16564,B
Colfax,39.100731,-120.953275,2005,C
Colton,34.073903,-117.313656,54621,C
Colusa,39.214333,-122.009417,5935,C
Commerce,34.000569,-118.159792,13081,C
Compton,33.89585,-118.220072,98462,C
Concord,37.977978,-122.031072,128667,B
Corcoran,37.977978,-122.031072,-1,C
Corning,39.927658,-122.179156,7548,C
Corona,33.875294,-117.566439,164226,C
Coronado,32.685886,-117.183089,24812,C
Costa Mesa,33.641133,-117.918669,113204,C
Cotati,38.327778,-122.709167,7445,C
Covina,34.090008,-117.890339,48984,C
Crescent City,41.755947,-124.201747,6774,B
Cudahy,33.960569,-118.18535,24311,C
Culver City,34.021122,-118.396467,39717,C
Cupertino,37.322997,-122.032183,60572,C
Cypress,37.320531,-121.962242,-1,C
Daly City,37.687925,-122.470208,106562,C
Dana Point,33.466972,-117.698108,34181,C
Davis,38.544906,-121.740517,67666,C
Del Mar,32.959489,-117.265314,4351,C
Del Rey Oaks,36.593292,-121.834953,1688,C
Delano,35.768842,-119.247053,52733,C
Desert Hot Springs,33.961125,-116.501678,28335,C
Diamond Bar,34.028622,-117.810336,56897,C
Dinuba,36.543283,-119.387067,23702,C
Dixon,38.445464,-121.823297,19390,C
Dorris,41.967369,-121.918061,907,C
Dos Palos,36.986058,-120.626572,5125,C
Downey,33.940014,-118.132569,114219,C
Duarte,34.13945,-117.977286,21990,C
Dublin,37.702153,-121.935792,57721,C
Dunsmuir,41.208208,-122.271953,1582,C
East Lost Angeles,34.0315,-118.1687,-1,B
East Palo Alto,37.468828,-122.141075,29662,C
Eastvale,33.963056,-117.563889,59039,C
El Cajon,32.794772,-116.962528,103679,C
El Centro,32.792,-115.56305,43956,B
El Cerrito,37.916133,-122.310764,23549,C
El Monte,34.068622,-118.027567,116732,C
El Segundo,33.919181,-118.416464,17037,C
Elk Grove,38.4088,-121.371617,166913,C
Emeryville,37.831317,-122.285247,11694,C
Encinitas,33.036986,-117.291983,62930,C
Escalon,37.797428,-120.996603,7523,C
Escondido,33.119208,-117.086422,151451,B
Etna,41.456806,-122.894756,716,C
Eureka,40.802072,-124.163672,27017,B
Exeter,36.296061,-119.142053,10548,C
Fairfield,38.249358,-122.039967,112970,C
Farmersville,36.297728,-119.206778,10774,C
Ferndale,40.576242,-124.263944,1369,C
Fillmore,34.399164,-118.918153,15548,C
Firebaugh,36.858839,-120.456008,8330,C
Folsom,38.677958,-121.176058,76375,C
Fontana,34.092233,-117.435047,207460,C
Fort Bragg,39.445722,-123.805292,7289,B
Fort Jones,41.663864,-124.252892,-1,C
Fortuna,40.598186,-124.157275,12000,C
Foster City,37.558547,-122.271078,33477,C
Fountain Valley,33.709186,-117.953669,56987,C
Fowler,36.630506,-119.678469,6266,C
Fremont,37.548269,-121.988572,232206,B
Fresno,36.746842,-119.772586,520052,B
Fullerton,33.870292,-117.925339,140847,B
Galt,38.254636,-121.299947,25303,C
Garden Grove,33.773906,-117.941447,175393,C
Gardena,33.88835,-118.308961,60447,C
Gilroy,37.005783,-121.568275,53231,C
Glendale,34.142508,-118.255075,201020,C
Glendora,34.136119,-117.865339,52009,C
Goleta,34.435828,-119.827639,30944,C
Gonzales,36.506628,-121.444381,8473,C
Grand Terrace,34.033903,-117.313653,12464,C
Grass Valley,39.219061,-121.061061,12944,B
Greenfield,36.3208,-121.243814,17184,C
Gridley,39.363778,-121.693583,6582,C
Grover Beach,35.121642,-120.621283,13600,C
Guadalupe,34.971644,-120.571836,7318,C
Gustine,37.257717,-120.998814,5756,C
Half Moon Bay,37.463553,-122.428586,12657,C
Hanford,36.32745,-119.645683,55659,C
Hawaiian Gardens,33.831403,-118.072842,14592,C
Hawthorne,33.916403,-118.352575,88451,B
Hayward,37.668819,-122.080797,158289,B
Healdsburg,38.610467,-122.869161,11742,C
Hemet,33.747519,-116.971967,83861,C
Hercules,38.017144,-122.288581,25314,C
Hermosa Beach,33.862236,-118.399519,19860,C
Hesperia,34.426389,-117.300878,93295,C
Hidden Hills,34.160283,-118.652311,1924,C
Highland,34.128344,-117.20865,54854,C
Hollister,36.852453,-121.401603,37462,B
Holtville,32.811161,-115.380264,6404,C
Hughson,37.602725,-120.866481,7384,C
Huntington Beach,33.660297,-117.999225,201899,B
Huntington Park,33.981681,-118.225072,59430,C
Huron,36.202731,-120.102917,6836,C
Imperial Beach,32.583944,-117.113086,27408,C
Imperial,32.847553,-115.569439,17095,C
Indian Wells,33.717631,-116.340756,5289,C
Indio,33.720578,-116.215561,87533,C
Industry,34.019733,-117.958675,206,C
Inglewood,33.961681,-118.353131,111666,B
Ione,38.352692,-120.932717,7000,C
Irvine,33.683947,-117.794694,256927,B
Irwindale,34.106953,-117.935342,1437,C
Isleton,38.161861,-121.611622,834,C
Jackson,38.348803,-120.774103,4649,C
Jurupa Valley,33.999522,-117.475397,21930,C
Kerman,36.723558,-120.059878,14475,C
King City,36.212744,-121.126028,13902,C
Kingsburg,36.513839,-119.554017,11824,C
La CaÌ±ada Flintridge,34.206817,-118.200028,-1,C
La Habra Heights,33.960847,-117.950619,5454,C
La Habra,33.931958,-117.946172,62131,C
La Mesa,32.767828,-117.023083,60089,C
La Mirada,33.917236,-118.012008,49520,C
La Palma,33.846403,-118.046731,15904,C
La Puente,34.020011,-117.949508,40745,C
La Quinta,33.646692,-116.310008,40476,C
La Verne,34.100842,-117.767836,32681,C
Lafayette,37.885758,-122.118019,25843,C
Laguna Beach,33.542247,-117.783111,23365,C
Laguna Hills,33.599722,-117.699444,31748,C
Laguna Niguel,33.522525,-117.707553,65806,C
Laguna Woods,33.6103,-117.725331,16406,C
Lake Elsinore,33.668078,-117.327261,61981,C
Lake Forest,33.646967,-117.689217,82492,C
Lakeport,39.04295,-122.915828,4807,C
Lakewood,33.853628,-118.133956,81611,C
Lancaster,34.686786,-118.154164,161103,B
Larkspur,37.934092,-122.535253,12417,C
Las Vegas,36.194,-115.222,1500000,B
Lathrop,37.822706,-121.276611,20866,C
Lawndale,33.887236,-118.352575,33430,C
Lemon Grove,32.742553,-117.031417,26709,C
Lemoore,36.300783,-119.782911,25647,C
Lincoln,38.891564,-121.293008,46474,C
Lindsay,36.203006,-119.088161,13217,C
Live Oak,36.983561,-121.980517,17158,C
Livermore,37.681875,-121.768008,88126,C
Livingston,37.386883,-120.723533,13902,C
Lodi,38.134147,-121.272219,64596,C
Loma Linda,34.048347,-117.261153,24045,C
Lomita,33.792239,-118.315072,20785,C
Lompoc,34.63915,-120.457942,44164,C
Long Beach,33.768322,-118.195617,474140,B
Los Alamitos,33.803072,-118.072564,11449,C
Los Altos,33.796331,-118.118119,-1,C
Los Angeles,34.052233,-118.243686,3971883,A
Los Banos,37.058278,-120.849914,37457,C
Loyalton,39.676294,-120.241039,702,C
Lynwood,33.930292,-118.211461,71989,C
Madera,36.961336,-120.060717,64208,C
Malibu,34.005008,-118.810172,12965,C
Mammoth Lakes,37.6369,-118.9789,10000,B
Manhattan Beach,33.884736,-118.410908,35818,C
Manteca,37.797428,-121.216053,75448,C
Maricopa,35.058858,-119.40095,1192,C
Marina,36.684403,-121.802172,21229,C
Martinez,38.019367,-122.134133,38137,C
Marysville,39.145725,-121.591356,12216,C
Maywood,33.986681,-118.18535,27888,C
McFarland,35.678011,-119.229275,13985,C
Mendota,36.753561,-120.381558,11430,C
Menifee,33.678333,-117.166944,87174,C
Menlo Park,37.453828,-122.182186,33449,C
Merced,37.302164,-120.482967,82436,B
Mexicali B.C.,32.6519,-115.4683,1000000,B
Mill Valley,37.906036,-122.544975,14394,C
Millbrae,37.598547,-122.387194,22795,C
Milpitas,37.428272,-121.906625,77604,C
Mission Viejo,33.600022,-117.671994,97156,C
Modesto,37.639097,-120.996878,211266,B
Monrovia,34.144428,-118.001947,37463,C
Montague,41.728197,-122.5278,1399,C
Montclair,34.077511,-117.689778,38690,C
Monte Sereno,37.236333,-121.992458,3556,C
Montebello,34.016506,-118.113753,63921,C
Monterey Park,34.062511,-118.122847,61468,C
Monterey,36.600239,-121.894675,28338,B
Moorpark,34.144897,-118.268742,-1,C
Moreno Valley,33.942467,-117.229672,204198,C
Morgan Hill,37.1305,-121.654389,42948,C
Morro Bay,35.365808,-120.8499,10639,C
Mount Shasta,41.410806,-122.194575,3296,C
Mountain View,37.386053,-122.08385,80435,C
Murrieta,33.553914,-117.213922,109830,C
Napa,38.297539,-122.286864,80434,B
National City,32.678108,-117.099197,61060,C
Needles,34.848061,-114.614133,4984,B
Nevada City,39.261561,-121.016058,3152,C
Newark,37.529658,-122.040239,45336,C
Newman,37.313828,-121.020761,10899,C
Newport Beach,33.618911,-117.928947,87127,C
Norco,33.931125,-117.548661,26289,C
Norwalk,33.902236,-118.081733,107140,C
Novato,38.107419,-122.569703,55530,C
Oakdale,37.766594,-120.847153,22259,C
Oakland,37.804364,-122.271114,419267,B
Oakley,37.997422,-121.712453,39813,C
Oceanside,33.195869,-117.379483,175691,B
Ojai,34.44805,-119.242889,7627,C
Ontario,34.063344,-117.650889,171214,B
Orange Cove,36.624394,-119.313731,9598,C
Orange,33.787794,-117.853111,140992,B
Orinda,37.877147,-122.179689,19279,C
Orland,39.747381,-122.196375,7550,C
Oroville,39.513775,-121.556358,16260,C
Oxnard,34.197506,-119.177053,207254,B
Pacific Grove,36.617736,-121.916622,15674,C
Pacifica,37.613825,-122.486919,39260,C
Pahrump,36.2087,-116.0121,20000,B
Palm Desert,33.722244,-116.374456,51869,C
Palm Springs,33.830297,-116.545292,47371,B
Palmdale,34.579433,-118.116461,158351,B
Palo Alto,37.441883,-122.143019,66853,C
Palos Verdes Estates,33.800572,-118.390075,13682,C
Paramount,33.889461,-118.159792,55412,C
Parkfield,35.8983,-120.4317,500,B
Parlier,36.611617,-119.527072,15138,C
Pasadena,34.147786,-118.144517,142250,B
Paso Robles,35.632278,-120.664186,27157,B
Patterson,37.4716,-121.129656,21498,C
Perris,33.782519,-117.228647,74971,C
Petaluma,38.232417,-122.636653,60438,C
Pico Rivera,33.983069,-118.096736,64218,C
Piedmont,37.824372,-122.231636,11376,C
Pinole,38.004367,-122.298858,19269,C
Pismo Beach,35.142753,-120.641283,8162,C
Pittsburg,38.027975,-121.884681,69424,C
Placentia,33.872236,-117.870336,52495,C
Placerville,38.729625,-120.798547,10650,C
Pleasant Hill,37.947978,-122.060797,34810,C
Pleasanton,37.662431,-121.874678,79510,C
Plymouth,38.481853,-120.844658,960,C
Point Arena,38.908797,-123.693072,453,C
Pomona,34.055228,-117.752306,153266,B
Port Hueneme,34.180728,-119.208158,22423,C
Porterville,36.065231,-119.016767,56058,C
Portola,39.810458,-120.469103,1903,C
Poway,32.962822,-117.035864,50157,C
Rancho Cordova,38.589072,-121.302728,71017,C
Rancho Cucamonga,34.1064,-117.593108,175236,C
Rancho Mirage,33.739744,-116.412789,18083,C
Rancho Palos Verdes,33.744461,-118.387017,42732,C
Rancho Santa Margarita,33.640856,-117.603103,49324,C
Red Bluff,40.178489,-122.235831,14131,C
Redding,40.586539,-122.391675,91582,B
Redlands,34.055569,-117.182539,71035,C
Redondo Beach,33.849183,-118.388408,68166,C
Redwood City,37.485214,-122.236356,85288,C
Reedley,36.596339,-119.450403,25569,C
Reno,39.5271,-119.8218,200000,B
Rialto,34.1064,-117.370325,103132,C
Richmond,37.935758,-122.34775,109708,C
Ridgecrest,35.622456,-117.670897,28780,B
Rio Dell,40.4993,-124.106436,3387,C
Rio Vista,38.15575,-121.691344,8348,C
Ripon,37.739453,-121.135414,15151,C
Riverbank,37.736039,-120.935489,24122,C
Riverside,33.95335,-117.396156,322424,B
Rocklin,38.790733,-121.235783,61213,C
Rohnert Park,38.339636,-122.701097,42407,C
Rolling Hills Estates,33.787794,-118.358128,8258,C
Rolling Hills,33.756961,-118.353961,1893,C
Rosemead,34.080564,-118.072847,54908,C
Roseville,38.752122,-121.288006,130269,C
Sacramento,38.581572,-121.4944,490712,A
Salinas,36.677736,-121.6555,157380,B
San Bernardino,34.108344,-117.289764,216108,B
San Bruno,37.630489,-122.411083,43185,C
San Carlos,37.507158,-122.260522,29931,C
San Clemente,33.426972,-117.611992,65526,C
San Diego,32.715328,-117.157256,1394928,A
San Dimas,34.106675,-117.806725,34630,C
San Fernando,34.281947,-118.438972,24931,C
San Francisco,37.774931,-122.419417,864816,A
San Gabriel,34.096111,-118.105833,40424,C
San Jacinto,33.783908,-116.958636,46951,C
San Joaquin,36.606617,-120.189044,4022,C
San Jose,37.339386,-121.894956,1026908,B
San Juan Bautista,36.845511,-121.537997,1961,C
San Juan Capistrano,33.501692,-117.66255,36454,C
San Leandro,37.724931,-122.156078,90712,C
San Luis Obispo,35.282753,-120.659617,47339,B
San Marcos,33.143372,-117.166144,92931,C
San Marino,34.121397,-118.106458,13464,C
San Mateo,37.562992,-122.325525,103536,C
San Pablo,37.962147,-122.345525,30407,C
San Rafael,37.973536,-122.531086,59162,C
San Ramon,37.779928,-121.978014,76134,C
Sand City,36.617183,-121.848286,381,C
Sanger,36.708006,-119.555964,24950,C
Santa Ana,33.745572,-117.867833,335400,B
Santa Barbara,34.420831,-119.698189,91842,B
Santa Clara,37.354108,-121.955236,126215,B
Santa Clarita,34.391664,-118.542586,182371,B
Santa Cruz,36.974117,-122.030797,64220,C
Santa Fe Springs,33.947236,-118.085344,18026,C
Santa Maria,34.953033,-120.435719,105093,B
Santa Monica,34.019453,-118.491192,93220,B
Santa Paula,34.354167,-119.059269,30546,C
Santa Rosa,38.440467,-122.714431,174972,B
Santee,32.838383,-116.973917,57787,C
Saratoga,37.263833,-122.023014,30968,C
Sausalito,37.859094,-122.48525,7156,C
Scotts Valley,37.051061,-122.014683,11945,C
Seal Beach,33.741406,-118.104786,24619,C
Seaside,33.819361,-118.366647,-1,C
Sebastopol,38.402136,-122.823881,7678,C
Selma,36.570783,-119.612075,24414,C
Shafter,35.500514,-119.271775,18336,C
Shasta Lake,40.680428,-122.370842,10159,C
Sierra Madre,34.161672,-118.052847,11163,C
Signal Hill,33.804461,-118.167847,11565,C
Simi Valley,34.269447,-118.781483,126788,B
Solana Beach,32.991156,-117.271147,13449,C
Soledad,32.991156,-117.271147,-1,C
Solvang,34.595819,-120.137647,5741,C
Sonoma,38.291858,-122.458036,11037,C
Sonora,37.984092,-120.382139,4818,B
South El Monte,34.051956,-118.046733,20878,C
South Gate,33.954736,-118.212017,96401,C
South Lake Tahoe,38.939925,-119.977186,21706,B
South San Francisco,37.654656,-122.40775,67271,C
St. Helena,38.505242,-122.470386,-1,C
Stanton,33.802517,-117.993117,38872,C
Stockton,37.957703,-121.290781,305658,B
Suisun City,38.238247,-122.040244,-1,C
Sunnyvale,37.368831,-122.03635,151754,B
Susanville,40.416283,-120.653006,15247,B
Sutter Creek,38.392967,-120.802436,2488,C
Taft,35.142467,-119.456508,9495,C
Tehachapi,35.132189,-118.448975,13021,B
Tehama,40.027103,-122.123322,416,C
Temecula,33.493639,-117.148364,112011,C
Temple City,34.107231,-118.057847,36365,C
Thousand Oaks,34.107231,-118.057847,10000,C
Tijuana B.C.,32.53,-117.02,1000000,B
Torrance,33.83585,-118.340628,148475,C
Tracy,37.73965,-121.425222,87075,C
Trinidad,41.059292,-124.143125,357,C
Tulare,36.207728,-119.347339,62315,C
Tulelake,41.955989,-121.477492,994,C
Turlock,37.494658,-120.846594,72292,C
Tustin,33.74585,-117.826167,80583,C
Twentynine Palms,34.135558,-116.054169,26025,B
Ukiah,39.150172,-123.207783,15917,B
Union City,37.593392,-122.043831,74494,C
Upland,34.097511,-117.648389,76443,C
Vacaville,38.356578,-121.987744,96803,C
Vallejo,38.104086,-122.256636,121253,B
Ventura,34.274639,-119.229006,96769,B
Vernon,34.003903,-118.230072,114,C
Victorville,34.536108,-117.291158,122225,C
Villa Park,33.814461,-117.813111,5964,C
Visalia,36.330228,-119.292058,130104,B
Vista,33.200036,-117.242536,100890,C
Walnut Creek,37.910078,-122.065183,68910,C
Walnut,34.020289,-117.865339,30237,C
Wasco,35.594125,-119.340947,26279,C
Waterford,37.641319,-120.760483,8824,C
Watsonville,36.910231,-121.756894,53628,C
Weed,41.42265,-122.386128,2556,C
West Covina,34.068622,-117.938953,108484,B
West Hollywood,34.090008,-118.361744,36222,C
West Sacramento,38.580461,-121.530233,52721,C
Westlake Village,34.145839,-118.805647,8507,C
Westminster,33.751342,-117.993992,92114,C
Westmorland,33.037267,-115.621383,2267,C
Wheatland,39.009894,-121.423014,3725,C
Whittier,33.979178,-118.032844,87438,C
Wildomar,33.598914,-117.280036,35632,C
Williams,39.154614,-122.149419,5196,C
Willits,39.409608,-123.355567,4861,C
Willows,39.524325,-122.193592,6069,C
Winters,38.524906,-121.970803,7034,C
Woodlake,36.413561,-119.098717,7654,C
Woodland,38.678517,-121.773297,58567,C
Yorba Linda,33.888625,-117.813111,67973,C
Yreka,41.735419,-122.634472,7597,B
Yuba City,39.140447,-121.616911,66941,B
Yucaipa,34.033625,-117.043086,53328,C
Abbotsford,49.05798,-122.25257,151683,B
Aberdeen,46.97537,-123.81572,16276,B
Airway Heights,47.64461,-117.59327,6639,C
Albany,44.63651,-123.10593,52175,C
Aldergrove,49.05801,-122.47087,12363,C
Alderwood Manor,47.82204,-122.28207,8442,C
Aloha,45.49428,-122.86705,49425,C
Altamont,42.20681,-121.73722,19257,C
Anacortes,48.5126,-122.61267,16403,C
Arlington,48.19871,-122.12514,18949,C
Artondale,47.29954,-122.62069,12653,C
Ashland,42.19458,-122.70948,20861,B
Astoria,46.18788,-123.83125,9626,C
Auburn,47.30732,-122.22845,77006,C
Bainbridge Island,47.62621,-122.52124,23840,C
Baker City,44.77487,-117.83438,9752,C
Bangor Trident Base,47.72274,-122.71446,6054,C
Barberton,45.69317,-122.59899,5661,C
Battle Ground,45.78095,-122.53343,19407,C
Beaverton,45.48706,-122.80371,96577,C
Bellevue,47.61038,-122.20068,139820,B
Bellingham,48.75955,-122.48822,85146,B
Bend,44.05817,-121.31531,87014,B
Bethany,45.55789,-122.8676,20646,C
Birch Bay,48.91789,-122.74462,8413,C
Blaine,48.99372,-122.74712,5056,C
Boise,43.6135,-116.20345,145987,A
Bonney Lake,47.17705,-122.18651,19903,C
Bothell East,47.80631,-122.18427,8018,C
Bothell West,47.80527,-122.24064,16607,C
Bothell,47.76232,-122.2054,42939,C
Boulevard Park,47.48927,-122.31512,5287,C
Bremerton,47.56732,-122.63264,39520,C
Brier,47.78454,-122.27429,6656,C
Brookings,42.05261,-124.28398,6476,B
Bryn Mawr-Skyway,47.4943,-122.24092,15645,C
Burien,47.47038,-122.34679,50467,C
Burlington,48.47566,-122.32544,8633,C
Burnaby,49.26636,-122.95263,202799,C
Caldwell,43.66294,-116.68736,51686,C
Camano,48.17399,-122.52821,14202,C
Camas,45.58706,-122.39954,21846,C
Canby,45.2629,-122.69259,17271,C
Castlegar,49.29984,-117.66894,8715,C
Cedar Hills,45.50484,-122.79843,8300,C
Cedar Mill,45.52484,-122.81093,14546,C
Central Point,42.37596,-122.91643,17995,C
Centralia,46.71621,-122.9543,16753,C
Chehalis,46.66205,-122.96402,7391,C
Cheney,47.48739,-117.57576,11534,C
Chilliwack,49.16638,-121.95257,77000,C
City of Sammamish,47.60444,-122.03768,45780,C
Clackamas,45.40762,-122.57037,6767,C
Clarkston Heights-Vineland,46.38742,-117.083,6326,C
Clarkston,46.41629,-117.04557,7317,C
Coeur d'Alene,47.67768,-116.78047,49122,B
College Place,46.0493,-118.3883,9062,C
Colville,48.544,-117.901,10000,B
Colwood,48.43293,-123.48591,14687,C
Connell,46.66347,-118.86111,5446,C
Coos Bay,43.3665,-124.21789,16182,B
Coquitlam,49.2846,-122.78217,140000,C
Cornelius,45.51984,-123.05983,12317,C
Corvallis,44.56457,-123.26204,55780,B
Cottage Grove,43.79762,-123.05952,9969,C
Cottage Lake,47.74427,-122.07735,22494,C
Country Homes,47.7485,-117.40439,5841,C
Covington,47.35818,-122.12216,19197,C
Cranbrook,49.49991,-115.76879,18610,C
Creswell,43.9179,-123.02453,5199,C
Dallas,44.91928,-123.31705,15277,C
Damascus,45.41762,-122.45898,10952,C
Delta,49.14399,-122.9068,101668,C
Des Moines,47.40177,-122.32429,31221,C
Deschutes River Woods,43.99151,-121.35836,5077,C
Dishman,47.66007,-117.27596,9978,C
DuPont,47.09676,-122.63124,9356,C
Duncan,48.78293,-123.70266,22199,C
Duvall,47.74232,-121.98568,7674,C
Eagle Point,42.47263,-122.80282,8902,C
Eagle,43.69544,-116.35401,23612,C
East Hill-Meridian,47.41052,-122.17369,29878,C
East Port Orchard,47.52343,-122.6243,5919,C
East Renton Highlands,47.48482,-122.11234,11140,C
East Wenatchee Bench,47.42568,-120.28118,8856,C
East Wenatchee,47.41568,-120.29313,13659,C
Eastmont,47.8974,-122.18154,20101,C
Edgewood,47.2501,-122.29373,9826,C
Edmonds,47.81065,-122.37736,41375,C
Elk Plain,47.05316,-122.39762,14205,C
Ellensburg,46.99651,-120.54785,19001,C
Emmett,43.8735,-116.4993,6604,C
Enumclaw,47.20427,-121.9915,11609,C
Ephrata,47.31764,-119.55365,8047,C
Eugene,44.05207,-123.08675,163460,B
Everett,47.97898,-122.20208,108010,B
Fairview,45.53845,-122.43398,9280,C
Fairwood,47.44843,-122.15734,19102,C
Fairwood,47.76684,-117.41744,7905,C
Federal Way,47.32232,-122.31262,95171,C
Felida,45.70956,-122.70732,7385,C
Ferndale,48.8465,-122.59101,13010,C
Fernie,49.49996,-115.06871,5019,C
Fife,47.23927,-122.35707,9970,C
Finley,46.15402,-119.0339,6012,C
Fircrest,47.23954,-122.51596,6687,C
Five Corners,45.68456,-122.5751,18159,C
Florence,43.98262,-124.09984,8649,C
Forest Grove,45.51984,-123.11066,23897,C
Four Corners,44.9279,-122.98371,15947,C
Frederickson,47.09621,-122.35873,18719,C
Fruitland,44.00766,-116.91655,5087,C
Garden City,43.62211,-116.23817,11550,C
Garden Home-Whitford,45.464,-122.75891,6674,C
Gibsons,49.39539,-123.50555,6821,C
Gig Harbor,47.32926,-122.58013,8753,C
Gladstone,45.38068,-122.59481,11986,C
Gold Beach,42.422,-124.422,10000,B
Graham,47.05288,-122.29428,23491,C
Grandview,46.25097,-119.9017,11176,C
Grants Pass,42.43933,-123.33067,37088,B
Green,43.16039,-123.36785,7515,C
Gresham,45.49818,-122.43148,110553,C
Hailey,43.51963,-114.31532,8134,C
Happy Valley,45.44679,-122.53037,18493,C
Hayden,47.76602,-116.78658,14133,C
Hayesville,44.98595,-122.98287,19936,C
Hazel Dell,45.67151,-122.66288,19435,C
Hermiston,45.84041,-119.28946,17201,C
Hillsboro,45.52289,-122.98983,102347,C
Hobart,47.42177,-121.97289,6221,C
Hood River,45.7054,-121.52146,7624,B
Hoquiam,46.98092,-123.88933,8405,C
Independence,44.85123,-123.18677,9227,C
Inglewood-Finn Hill,47.72049,-122.23167,22707,C
Issaquah,47.5301,-122.03262,36081,C
Jennings Lodge,45.39123,-122.61259,7315,C
Jerome,42.72407,-114.51865,11184,C
Joint Base Lewis McChord,47.10787,-122.57694,11046,C
Junction City,44.21929,-123.20565,5842,C
Keizer,44.99012,-123.02621,37895,C
Kelso,46.14678,-122.90844,11901,C
Kenmore,47.75732,-122.24401,22030,C
Kennewick,46.21125,-119.13723,78896,B
Kent,47.38093,-122.23484,126952,C
Kenton,45.58178,-122.68149,7000,C
Kingsgate,47.72704,-122.17957,13065,C
Kirkland,47.68149,-122.20874,87281,B
Klahanie,47.43121,-122.43652,10674,C
Klahanie,47.57097,-122.00839,10674,C
Klamath Falls,42.22487,-121.78167,21399,B
Kuna,43.49183,-116.42012,17226,C
La Grande,45.32458,-118.08772,13074,B
Lacey,47.03426,-122.82319,46409,C
Ladner,49.08938,-123.08241,200000,C
Ladysmith,48.99016,-123.81699,8740,C
Lake Forest Park,47.75676,-122.28096,13243,C
Lake Morton-Berrydale,47.33251,-122.10286,10160,C
Lake Oswego,45.42067,-122.67065,38496,C
Lake Shore,45.69067,-122.69093,6571,C
Lake Stevens,48.0151,-122.06374,30886,C
Lake Stickney,47.87655,-122.26214,7777,C
Lakeland North,47.33343,-122.27695,12942,C
Lakeland South,47.27843,-122.28326,11574,C
Lakewood,47.17176,-122.51846,59829,C
Langford,48.44963,-123.50261,22459,C
Langley,49.10107,-122.65883,23606,C
Lea Hill,47.32621,-122.18151,13182,C
Lebanon,44.53651,-122.90703,16324,C
Lents,45.47984,-122.56731,20156,C
Lewiston Orchards,46.38044,-116.97543,31422,C
Lewiston,46.41655,-117.01766,32544,C
Liberty Lake,47.67591,-117.11821,8906,C
Lincoln City,44.95816,-124.01789,8536,B
Longview,46.13817,-122.93817,36848,C
Lynden,48.9465,-122.45211,13517,C
Lynnwood,47.82093,-122.31513,36997,C
Madras,44.63345,-121.12949,6662,C
Maltby,47.8051,-122.11318,10830,C
Manchester,47.55566,-122.54507,5413,C
Maple Ridge,49.21939,-122.60193,70000,C
Maple Valley,47.39272,-122.04641,25686,C
Maplewood,47.40176,-122.55707,5138,C
Martha Lake,47.85093,-122.2393,15473,C
Marysville,48.05176,-122.17708,66773,C
McMinnville,45.21012,-123.19872,33892,C
Mead,47.76739,-117.35494,7275,C
Medford,42.32652,-122.87559,79805,B
Mercer Island,47.57065,-122.22207,25042,C
Meridian,43.61211,-116.39151,90739,C
Middleton,43.70683,-116.62014,6828,C
Midland,47.16704,-122.40484,8962,C
Mill Creek East,47.83602,-122.18766,15709,C
Mill Creek,47.8601,-122.2043,20043,C
Mill Plain,45.6429,-122.49398,7874,C
Milton,47.24816,-122.3129,7670,C
Milton-Freewater,45.93263,-118.38774,7035,C
Milwaukie,45.44623,-122.63926,20830,C
Minnehaha,45.65901,-122.64871,9771,C
Missoula,46.87215,-113.994,71022,B
Molalla,45.14734,-122.57703,8972,C
Monmouth,44.84845,-123.23399,10032,C
Monroe,47.85538,-121.97096,18090,C
Moscow,46.73239,-117.00017,25060,C
Moses Lake,47.13014,-119.27808,22082,C
Mount Vernon,48.42122,-122.33405,34053,C
Mount Vista,45.73428,-122.63288,7850,C
Mountain Home,43.13295,-115.6912,13730,C
Mountlake Terrace,47.78815,-122.30874,20989,C
Mukilteo,47.94454,-122.30458,21226,C
Nampa,43.54072,-116.56346,89839,C
Nanaimo,49.16638,-123.94003,84905,C
Nelson,49.49985,-117.28553,9813,C
New Westminster,49.20678,-122.91092,58549,C
Newberg,45.30012,-122.97316,22780,C
Newcastle,47.53899,-122.15568,11370,C
Newport,44.63678,-124.05345,10268,B
Normandy Park,47.43621,-122.34068,6668,C
North Bend,43.4065,-124.22428,9673,C
North Bend,47.49566,-121.78678,6679,C
North Cowichan,48.84133,-123.68596,32272,C
North Creek,47.81954,-122.17624,26410,C
North Portland,45.61039,-122.70343,7000,C
North Saanich,48.66634,-123.41933,11089,C
North Vancouver,49.31636,-123.06934,48000,C
Oak Bay,48.44964,-123.3026,18015,C
Oak Grove,45.41679,-122.64009,16629,C
Oak Harbor,48.29316,-122.64322,22693,C
Oak Hills,45.54123,-122.84121,11333,C
Oatfield,45.41418,-122.60007,13415,C
Ocean Shores,46.9737,-124.15629,5699,C
Olympia,47.03787,-122.9007,50302,A
Ontario,44.02655,-116.96294,10999,C
Opportunity,47.64995,-117.23991,25877,C
Orchard Homes,46.86326,-114.04844,5197,C
Orchards,45.66651,-122.56093,19556,C
Oregon City,45.35734,-122.60676,35831,B
Orting,47.09788,-122.20428,7446,C
Othello,46.82597,-119.17529,7809,C
Otis Orchards-East Farms,47.70988,-117.07975,6220,C
Pacific,47.26455,-122.25012,7123,C
Parkland,47.15538,-122.43401,35803,C
Parksville,49.31947,-124.31575,12000,C
Parkwood,47.53315,-122.61014,7126,C
Pasco,46.23958,-119.10057,69451,C
Payette,44.07822,-116.93377,7380,C
Pendleton,45.67207,-118.7886,16881,B
Penticton,49.48062,-119.58584,37721,B
Picnic Point,47.88111,-122.3284,8809,C
Picnic Point-North Lynnwood,47.86278,-122.29497,22953,C
Pitt Meadows,49.22119,-122.68965,17410,C
Port Alberni,49.24133,-124.8028,21282,C
Port Angeles,48.11815,-123.43074,19448,B
Port Coquitlam,49.26637,-122.76932,58000,C
Port Moody,49.28124,-122.82457,27512,C
Port Orchard,47.54037,-122.63625,13607,C
Port Townsend,48.11704,-122.76045,9335,C
Portland,45.52345,-122.67621,632309,A
Post Falls,47.71796,-116.95159,30453,C
Poulsbo,47.73593,-122.64654,10041,C
Prairie Ridge,47.1376,-122.14873,11464,C
Prineville,44.29985,-120.83447,9530,C
Prosser,46.2068,-119.76892,5869,C
Pullman,46.73127,-117.17962,32816,B
Puyallup,47.18538,-122.2929,39659,C
Quincy,47.2343,-119.85255,7365,C
Raleigh Hills,45.48067,-122.76204,5896,C
Rathdrum,47.8124,-116.89659,7538,C
Redmond,44.27262,-121.17392,28654,C
Redmond,47.67399,-122.12151,60598,C
Renton,47.48288,-122.21707,100242,C
Richland,46.28569,-119.28446,54248,C
Richmond,49.17003,-123.13683,182000,C
Ridgefield,45.81511,-122.7426,6455,C
Riverton,47.48427,-122.29457,6407,C
Rockcreek,45.55012,-122.87705,9316,C
Roseburg,43.2165,-123.34174,22114,B
Saint Helens,45.864,-122.80649,12883,C
Salem,44.9429,-123.0351,164549,A
Salmon Creek,45.71067,-122.64899,19686,C
Sammamish,47.64177,-122.0804,52253,C
Sandpoint,48.27659,-116.55325,7835,C
Sandy,45.39734,-122.26148,10644,C
Scappoose,45.75428,-122.8776,6954,C
SeaTac,47.44846,-122.29217,28215,C
Seaside,45.99316,-123.92264,6540,C
Seattle,47.60621,-122.33207,684451,A
Sechelt,49.47512,-123.75903,5977,C
Sedro-Woolley,48.50389,-122.23611,10815,C
Selah,46.65402,-120.53007,7682,C
Sequim,48.07963,-123.10234,6826,C
Shelton,47.21509,-123.10071,9834,C
Sheridan,45.09928,-123.39483,6094,C
Sherwood,45.35651,-122.8401,19283,C
Shoreline,47.75565,-122.34152,55439,C
Silver Firs,47.86602,-122.1551,20891,C
Silverdale,47.64454,-122.69487,19204,C
Silverton,45.00512,-122.78315,9753,C
Snohomish,47.91288,-122.09818,9670,C
Snoqualmie,47.52871,-121.82539,13169,B
Sooke,48.37463,-123.72762,6145,C
South Hill,47.14121,-122.27012,52431,C
Spanaway,47.10399,-122.43457,27227,C
Spokane Valley,47.67323,-117.23937,94919,C
Spokane,47.65966,-117.42908,213272,B
Springfield,44.04624,-123.02203,60870,C
Tacoma,47.25288,-122.44429,207948,B
Talent,42.24568,-122.78865,6411,C
Tanglewilde,47.0515,-122.78241,5892,C
Tanglewilde-Thompson Place,47.05116,-122.78081,5892,C
Terrace Heights,46.60624,-120.43979,6937,C
The Dalles,45.59456,-121.17868,15340,C
Tigard,45.43123,-122.77149,51253,C
Toppenish,46.37735,-120.30867,8995,C
Tracyton,47.60898,-122.65514,5233,C
Trail,49.09983,-117.70223,9707,C
Troutdale,45.53929,-122.38731,16631,C
Tualatin,45.38401,-122.76399,27154,C
Tukwila,47.47399,-122.26096,20018,C
Tulalip,48.06843,-122.29181,9246,C
Tumwater,47.00732,-122.90931,19190,C
Twin Falls,42.56297,-114.46087,47468,C
Umatilla,45.91735,-119.34252,7009,C
Union Gap,46.55735,-120.47506,6037,C
Union Hill-Novelty Hill,47.67887,-122.02833,18805,C
University Place,47.23565,-122.5504,32842,C
Vancouver,45.63873,-122.66149,172860,C
Vancouver,49.24966,-123.11934,600000,A
Vashon,47.44732,-122.45985,10624,C
Veradale,47.64995,-117.20738,9991,C
Victoria,48.4359,-123.35155,289625,B
Walla Walla,46.06458,-118.34302,32237,C
Waller,47.20066,-122.36929,7922,C
Walnut Grove,45.66789,-122.59899,9790,C
Walnut Grove,49.16473,-122.64042,25683,C
Wapato,46.44763,-120.42034,5068,C
Warrenton,46.1651,-123.92376,5282,C
Washougal,45.58262,-122.35342,15288,C
Weiser,44.251,-116.96933,5317,C
Wenatchee,47.42346,-120.31035,33636,B
West Clarkston-Highland,46.40287,-117.06395,5261,C
West End,49.28333,-123.13333,44560,C
West Haven,45.51762,-122.76954,6009,C
West Haven-Sylvan,45.51613,-122.76809,8001,C
West Lake Sammamish,47.5776,-122.10123,33929,C
West Lake Stevens,47.99343,-122.1018,21047,C
West Linn,45.36568,-122.61231,26593,C
West Richland,46.3043,-119.36141,13746,C
West Side Highway,46.18399,-122.91715,5517,C
West Slope,45.49873,-122.76454,6554,C
West Valley,46.59207,-120.60507,12655,C
West Vancouver,49.36672,-123.16652,42694,C
White Center,47.51732,-122.35485,13495,C
White City,42.43735,-122.85893,7975,C
White Rock,49.01636,-122.8026,66450,C
Wilsonville,45.29984,-122.77371,22729,C
Winston,43.12234,-123.41257,5393,C
Wollochet,47.26871,-122.58402,6651,C
Woodburn,45.14373,-122.85537,25173,C
Woodinville,47.75427,-122.16346,11782,C
Woodland,45.90456,-122.74399,5842,C
Woods Creek,47.87871,-121.89846,5589,C
Yakima,-120.5059,46.60207,93701,B
Yelm,46.94204,-122.60596,8434,C